Stock,Range,Monthly BX,Weekly BX,In Fund,Fund
AKAM,Fair Value,-,-,In Position,Mega Cap
ALNY,Discount Range,LL,HL,In Position,Mega Cap
APP,Discount Range,-,LL,In Position,Mega Cap
AVAV,Discount Range,LL,LH,In Position,Mega Cap
AVGO,Fair Value,LH,LL,In Position,Mega Cap
AZO,Discount Range,-,-,-,Mega Cap
BA,Discount Range,-,-,In Position,Mega Cap
BIDU,Discount Range,-,LL,In Position,Mega Cap
BLDR,Discount Range,-,-,In Position,Mega Cap
BSX,Discount Range,-,-,In Position,Mega Cap
CAVA,Discount Range,-,-,-,Mega Cap
CDNS,Fair Value,-,-,-,Mega Cap
CG,Discount Range,LL,HH,-,Mega Cap
CMI,Discount Range,-,-,In Position,Mega Cap
CNP,Discount Range,-,-,In Position,Mega Cap
COIN,Discount Range,LL,HH,-,Mega Cap
CRCL,Discount Range,LL,HH,-,Mega Cap
CRH,Discount Range,-,-,-,Mega Cap
CRM,Fair Value,LL,HH,-,Mega Cap
CRPT,Fair Value,LL,HH,-,Mega Cap
CRWV,Fair Value,LL,LH,-,Mega Cap
DVA,Fair Value,-,-,-,Mega Cap
EFX,Discount Range,-,-,-,Mega Cap
EOSE,Discount Range,LL,LL,In Position,Mega Cap
ERIE,Discount Range,-,-,In Position,Mega Cap
F,Discount Range,-,-,-,Mega Cap
FSLR,Discount Range,-,LL,In Position,Mega Cap
GDDY,Discount Range,-,-,-,Mega Cap
GNRC,Discount Range,-,LL,-,Mega Cap
IBP,Discount Range,LL,HH,In Position,Mega Cap
IONQ,Fair Value,-,-,-,Mega Cap
IREN,Discount Range,LH,LL,In Position,Mega Cap
ISRG,Fair Value,LL,HH,-,Mega Cap
IT,Discount Range,-,-,-,Mega Cap
JOBY,Discount Range,LL,LL,In Position,Mega Cap
LEN,Discount Range,-,-,In Position,Mega Cap
LIN,Fair Value,-,HL,-,Mega Cap
LMT,Fair Value,LL,LH,-,Mega Cap
LOW,Discount Range,LL,LH,In Position,Mega Cap
LUNR,Discount Range,LH,LL,-,Mega Cap
MCD,Discount Range,LL,LH,In Position,Mega Cap
META,Premium Range,LL,HL,-,Mega Cap
MGM,Discount Range,-,-,-,Mega Cap
NFLX,Discount Range,LL,HH,In Position,Mega Cap
NOW,Fair Value,LL,HH,-,Mega Cap
NSC,Discount Range,-,-,-,Mega Cap
NXPI,Fair Value,-,-,-,Mega Cap
OKLO,Discount Range,LL,LH,In Position,Mega Cap
ORCL,Discount Range,LL,HH,In Position,Mega Cap
PCAR,Discount Range,-,-,In Position,Mega Cap
PDD,Discount Range,-,LH,In Position,Mega Cap
PLUG,Discount Range,LH,HL,In Position,Mega Cap
QCOM,Premium Range,LH,HL,-,Mega Cap
QS,Discount Range,LL,LH,In Position,Mega Cap
RDW,Fair Value,LH,LL,-,Mega Cap
RKLB,Discount Range,-,LL,In Position,Mega Cap
RKT,Discount Range,HL,LH,In Position,Mega Cap
ROL,Discount Range,-,-,In Position,Mega Cap
SUPV,Discount Range,HL,HL,In Position,Mega Cap
TMUS,Discount Range,LL,HH,In Position,Mega Cap
TSLA,Fair Value,LL,HL,-,Mega Cap
UBER,Discount Range,LL,HH,In Position,Mega Cap
VKTX,Fair Value,HH,LL,In Position,Mega Cap
WM,Discount Range,-,-,-,Mega Cap
WYNN,-,-,-,In Position,Mega Cap
XPEV,Discount Range,LL,LH,In Position,Mega Cap
XYL,Discount Range,-,-,-,Mega Cap
ZETA,Premium Range,LH,HH,-,Mega Cap